{
  "schema": "v1",
  "enabled": true,
  "name": "Elementalist Pistol Bullets",
  "anchor": {
    "Screen": "BottomCenter"
  },
  "pos": [
    0.0,
    0.0
  ],
  "opacity": 1.0,
  "trigger": {
    "source": {
      "type": "Inherit"
    },
    "threshold": {
      "threshold_type": "Always",
      "amount_type": "Intensity"
    }
  },
  "filter": {
    "player": {
      "combat": null,
      "specs": [],
      "weapons": [],
      "traits": [],
      "mounts": []
    },
    "map": {
      "category": [],
      "whitelist": true,
      "ids": []
    }
  },
  "animation": null,
  "layer": 0,
  "elements": [
    {
      "enabled": false,
      "name": "Interface Larger",
      "anchor": "Parent",
      "pos": [
        0.0,
        0.0
      ],
      "opacity": 1.0,
      "trigger": {
        "source": {
          "type": "Inherit"
        },
        "threshold": {
          "threshold_type": "Always",
          "amount_type": "Intensity"
        }
      },
      "filter": {
        "player": {
          "combat": null,
          "specs": [],
          "weapons": [],
          "traits": [],
          "mounts": []
        },
        "map": {
          "category": [],
          "whitelist": true,
          "ids": []
        }
      },
      "animation": null,
      "type": "Group",
      "members": [
        {
          "enabled": true,
          "name": "Bullets",
          "anchor": "Parent",
          "pos": [
            -294.0,
            -204.0
          ],
          "opacity": 1.0,
          "trigger": {
            "source": {
              "type": "Inherit"
            },
            "threshold": {
              "threshold_type": "Always",
              "amount_type": "Intensity"
            }
          },
          "filter": {
            "player": {
              "combat": null,
              "specs": [],
              "weapons": [],
              "traits": [],
              "mounts": []
            },
            "map": {
              "category": [],
              "whitelist": true,
              "ids": []
            }
          },
          "animation": null,
          "type": "Group",
          "members": [
            {
              "enabled": true,
              "name": "Ele Bullets Empty",
              "anchor": "Parent",
              "pos": [
                0.0,
                0.0
              ],
              "opacity": 1.0,
              "trigger": {
                "source": {
                  "type": "Ability",
                  "ids": [
                    71929,
                    72033,
                    71904,
                    71893
                  ]
                },
                "threshold": {
                  "threshold_type": "Present",
                  "amount_type": "Intensity"
                }
              },
              "filter": {
                "player": {
                  "combat": null,
                  "specs": [],
                  "weapons": [],
                  "traits": [],
                  "mounts": []
                },
                "map": {
                  "category": [],
                  "whitelist": true,
                  "ids": []
                }
              },
              "animation": null,
              "type": "IconList",
              "layout": "Dynamic",
              "direction": "Horizontal",
              "size": [
                50.399994,
                50.399994
              ],
              "pad": -8.399999,
              "icons": [
                {
                  "enabled": true,
                  "name": "Fire Empty",
                  "trigger": {
                    "source": {
                      "type": "Inherit"
                    },
                    "threshold": {
                      "threshold_type": "Always",
                      "amount_type": "Intensity"
                    }
                  },
                  "filter": {
                    "player": {
                      "combat": null,
                      "specs": [],
                      "weapons": [],
                      "traits": [],
                      "mounts": []
                    },
                    "map": {
                      "category": [],
                      "whitelist": true,
                      "ids": []
                    }
                  },
                  "icon": {
                    "File": "Elementalist Pistol Bullets\\BulletEmpty.png"
                  },
                  "tint": [
                    1.0,
                    1.0,
                    1.0,
                    1.0
                  ],
                  "zoom": 1.0,
                  "round": 0.0,
                  "border_size": 0.0,
                  "border_color": [
                    0.0,
                    0.0,
                    0.0,
                    1.0
                  ],
                  "conditions": [],
                  "duration_bar": false,
                  "duration_text": false,
                  "stacks_text": false
                },
                {
                  "enabled": true,
                  "name": "Water Empty",
                  "trigger": {
                    "source": {
                      "type": "Inherit"
                    },
                    "threshold": {
                      "threshold_type": "Always",
                      "amount_type": "Intensity"
                    }
                  },
                  "filter": {
                    "player": {
                      "combat": null,
                      "specs": [],
                      "weapons": [],
                      "traits": [],
                      "mounts": []
                    },
                    "map": {
                      "category": [],
                      "whitelist": true,
                      "ids": []
                    }
                  },
                  "icon": {
                    "File": "Elementalist Pistol Bullets\\BulletEmpty.png"
                  },
                  "tint": [
                    1.0,
                    1.0,
                    1.0,
                    1.0
                  ],
                  "zoom": 1.0,
                  "round": 0.0,
                  "border_size": 0.0,
                  "border_color": [
                    0.0,
                    0.0,
                    0.0,
                    1.0
                  ],
                  "conditions": [],
                  "duration_bar": false,
                  "duration_text": false,
                  "stacks_text": false
                },
                {
                  "enabled": true,
                  "name": "Air Empty",
                  "trigger": {
                    "source": {
                      "type": "Inherit"
                    },
                    "threshold": {
                      "threshold_type": "Always",
                      "amount_type": "Intensity"
                    }
                  },
                  "filter": {
                    "player": {
                      "combat": null,
                      "specs": [],
                      "weapons": [],
                      "traits": [],
                      "mounts": []
                    },
                    "map": {
                      "category": [],
                      "whitelist": true,
                      "ids": []
                    }
                  },
                  "icon": {
                    "File": "Elementalist Pistol Bullets\\BulletEmpty.png"
                  },
                  "tint": [
                    1.0,
                    1.0,
                    1.0,
                    1.0
                  ],
                  "zoom": 1.0,
                  "round": 0.0,
                  "border_size": 0.0,
                  "border_color": [
                    0.0,
                    0.0,
                    0.0,
                    1.0
                  ],
                  "conditions": [],
                  "duration_bar": false,
                  "duration_text": false,
                  "stacks_text": false
                },
                {
                  "enabled": true,
                  "name": "Earth Empty",
                  "trigger": {
                    "source": {
                      "type": "Inherit"
                    },
                    "threshold": {
                      "threshold_type": "Always",
                      "amount_type": "Intensity"
                    }
                  },
                  "filter": {
                    "player": {
                      "combat": null,
                      "specs": [],
                      "weapons": [],
                      "traits": [],
                      "mounts": []
                    },
                    "map": {
                      "category": [],
                      "whitelist": true,
                      "ids": []
                    }
                  },
                  "icon": {
                    "File": "Elementalist Pistol Bullets\\BulletEmpty.png"
                  },
                  "tint": [
                    1.0,
                    1.0,
                    1.0,
                    1.0
                  ],
                  "zoom": 1.0,
                  "round": 0.0,
                  "border_size": 0.0,
                  "border_color": [
                    0.0,
                    0.0,
                    0.0,
                    1.0
                  ],
                  "conditions": [],
                  "duration_bar": false,
                  "duration_text": false,
                  "stacks_text": false
                }
              ]
            },
            {
              "enabled": true,
              "name": "Ele Bullets Filled",
              "anchor": "Parent",
              "pos": [
                0.0,
                0.0
              ],
              "opacity": 1.0,
              "trigger": {
                "source": {
                  "type": "Inherit"
                },
                "threshold": {
                  "threshold_type": "Always",
                  "amount_type": "Intensity"
                }
              },
              "filter": {
                "player": {
                  "combat": null,
                  "specs": [],
                  "weapons": [],
                  "traits": [],
                  "mounts": []
                },
                "map": {
                  "category": [],
                  "whitelist": true,
                  "ids": []
                }
              },
              "animation": null,
              "type": "IconList",
              "layout": "Static",
              "direction": "Horizontal",
              "size": [
                50.399994,
                50.399994
              ],
              "pad": -8.399999,
              "icons": [
                {
                  "enabled": true,
                  "name": "Fire Filled",
                  "trigger": {
                    "source": {
                      "type": "Buff",
                      "combatant": "Player",
                      "ids": [
                        71936
                      ]
                    },
                    "threshold": {
                      "threshold_type": "Present",
                      "amount_type": "Intensity"
                    }
                  },
                  "filter": {
                    "player": {
                      "combat": null,
                      "specs": [],
                      "weapons": [
                        "PistolMain"
                      ],
                      "traits": [],
                      "mounts": []
                    },
                    "map": {
                      "category": [],
                      "whitelist": true,
                      "ids": []
                    }
                  },
                  "icon": {
                    "File": "Elementalist Pistol Bullets\\BulletFire.png"
                  },
                  "tint": [
                    1.0,
                    1.0,
                    1.0,
                    1.0
                  ],
                  "zoom": 1.0,
                  "round": 0.0,
                  "border_size": 0.0,
                  "border_color": [
                    0.0,
                    0.0,
                    0.0,
                    1.0
                  ],
                  "conditions": [],
                  "duration_bar": false,
                  "duration_text": false,
                  "stacks_text": false
                },
                {
                  "enabled": true,
                  "name": "Water Filled",
                  "trigger": {
                    "source": {
                      "type": "Buff",
                      "combatant": "Player",
                      "ids": [
                        71862
                      ]
                    },
                    "threshold": {
                      "threshold_type": "Present",
                      "amount_type": "Intensity"
                    }
                  },
                  "filter": {
                    "player": {
                      "combat": null,
                      "specs": [],
                      "weapons": [],
                      "traits": [],
                      "mounts": []
                    },
                    "map": {
                      "category": [],
                      "whitelist": true,
                      "ids": []
                    }
                  },
                  "icon": {
                    "File": "Elementalist Pistol Bullets\\BulletWater.png"
                  },
                  "tint": [
                    1.0,
                    1.0,
                    1.0,
                    1.0
                  ],
                  "zoom": 1.0,
                  "round": 0.0,
                  "border_size": 0.0,
                  "border_color": [
                    0.0,
                    0.0,
                    0.0,
                    1.0
                  ],
                  "conditions": [],
                  "duration_bar": false,
                  "duration_text": false,
                  "stacks_text": false
                },
                {
                  "enabled": true,
                  "name": "Air Filled",
                  "trigger": {
                    "source": {
                      "type": "Buff",
                      "combatant": "Player",
                      "ids": [
                        71848
                      ]
                    },
                    "threshold": {
                      "threshold_type": "Present",
                      "amount_type": "Intensity"
                    }
                  },
                  "filter": {
                    "player": {
                      "combat": null,
                      "specs": [],
                      "weapons": [],
                      "traits": [],
                      "mounts": []
                    },
                    "map": {
                      "category": [],
                      "whitelist": true,
                      "ids": []
                    }
                  },
                  "icon": {
                    "File": "Elementalist Pistol Bullets\\BulletAir.png"
                  },
                  "tint": [
                    1.0,
                    1.0,
                    1.0,
                    1.0
                  ],
                  "zoom": 1.0,
                  "round": 0.0,
                  "border_size": 0.0,
                  "border_color": [
                    0.0,
                    0.0,
                    0.0,
                    1.0
                  ],
                  "conditions": [],
                  "duration_bar": false,
                  "duration_text": false,
                  "stacks_text": false
                },
                {
                  "enabled": true,
                  "name": "Earth Filled",
                  "trigger": {
                    "source": {
                      "type": "Buff",
                      "combatant": "Player",
                      "ids": [
                        71881
                      ]
                    },
                    "threshold": {
                      "threshold_type": "Present",
                      "amount_type": "Intensity"
                    }
                  },
                  "filter": {
                    "player": {
                      "combat": null,
                      "specs": [],
                      "weapons": [],
                      "traits": [],
                      "mounts": []
                    },
                    "map": {
                      "category": [],
                      "whitelist": true,
                      "ids": []
                    }
                  },
                  "icon": {
                    "File": "Elementalist Pistol Bullets\\BulletEarth.png"
                  },
                  "tint": [
                    1.0,
                    1.0,
                    1.0,
                    1.0
                  ],
                  "zoom": 1.0,
                  "round": 0.0,
                  "border_size": 0.0,
                  "border_color": [
                    0.0,
                    0.0,
                    0.0,
                    1.0
                  ],
                  "conditions": [],
                  "duration_bar": false,
                  "duration_text": false,
                  "stacks_text": false
                }
              ]
            },
            {
              "enabled": true,
              "name": "Ele Bullets Full Charge",
              "anchor": "Parent",
              "pos": [
                0.0,
                0.0
              ],
              "opacity": 1.0,
              "trigger": {
                "source": {
                  "type": "Ability",
                  "ids": [
                    71907
                  ]
                },
                "threshold": {
                  "threshold_type": "Always",
                  "amount_type": "Intensity"
                }
              },
              "filter": {
                "player": {
                  "combat": null,
                  "specs": [],
                  "weapons": [],
                  "traits": [],
                  "mounts": []
                },
                "map": {
                  "category": [],
                  "whitelist": true,
                  "ids": []
                }
              },
              "animation": {
                "kind": "Pulse",
                "period": 1000
              },
              "type": "IconList",
              "layout": "Static",
              "direction": "Horizontal",
              "size": [
                50.399994,
                50.399994
              ],
              "pad": -8.399999,
              "icons": [
                {
                  "enabled": true,
                  "name": "Fire Filled",
                  "trigger": {
                    "source": {
                      "type": "Inherit"
                    },
                    "threshold": {
                      "threshold_type": "Always",
                      "amount_type": "Intensity"
                    }
                  },
                  "filter": {
                    "player": {
                      "combat": null,
                      "specs": [],
                      "weapons": [
                        "PistolMain"
                      ],
                      "traits": [],
                      "mounts": []
                    },
                    "map": {
                      "category": [],
                      "whitelist": true,
                      "ids": []
                    }
                  },
                  "icon": {
                    "File": "Elementalist Pistol Bullets\\WhiteBullet.png"
                  },
                  "tint": [
                    1.0,
                    0.9529412,
                    0.8666667,
                    1.0
                  ],
                  "zoom": 1.0,
                  "round": 0.0,
                  "border_size": 0.0,
                  "border_color": [
                    0.0,
                    0.0,
                    0.0,
                    1.0
                  ],
                  "conditions": [],
                  "duration_bar": false,
                  "duration_text": false,
                  "stacks_text": false
                },
                {
                  "enabled": true,
                  "name": "Water Filled",
                  "trigger": {
                    "source": {
                      "type": "Inherit"
                    },
                    "threshold": {
                      "threshold_type": "Always",
                      "amount_type": "Intensity"
                    }
                  },
                  "filter": {
                    "player": {
                      "combat": null,
                      "specs": [],
                      "weapons": [],
                      "traits": [],
                      "mounts": []
                    },
                    "map": {
                      "category": [],
                      "whitelist": true,
                      "ids": []
                    }
                  },
                  "icon": {
                    "File": "Elementalist Pistol Bullets\\WhiteBullet.png"
                  },
                  "tint": [
                    0.8309179,
                    1.0,
                    0.9828468,
                    1.0
                  ],
                  "zoom": 1.0,
                  "round": 0.0,
                  "border_size": 0.0,
                  "border_color": [
                    0.0,
                    0.0,
                    0.0,
                    1.0
                  ],
                  "conditions": [],
                  "duration_bar": false,
                  "duration_text": false,
                  "stacks_text": false
                },
                {
                  "enabled": true,
                  "name": "Air Filled",
                  "trigger": {
                    "source": {
                      "type": "Inherit"
                    },
                    "threshold": {
                      "threshold_type": "Always",
                      "amount_type": "Intensity"
                    }
                  },
                  "filter": {
                    "player": {
                      "combat": null,
                      "specs": [],
                      "weapons": [],
                      "traits": [],
                      "mounts": []
                    },
                    "map": {
                      "category": [],
                      "whitelist": true,
                      "ids": []
                    }
                  },
                  "icon": {
                    "File": "Elementalist Pistol Bullets\\WhiteBullet.png"
                  },
                  "tint": [
                    0.93138695,
                    0.8647343,
                    1.0,
                    1.0
                  ],
                  "zoom": 1.0,
                  "round": 0.0,
                  "border_size": 0.0,
                  "border_color": [
                    0.0,
                    0.0,
                    0.0,
                    1.0
                  ],
                  "conditions": [],
                  "duration_bar": false,
                  "duration_text": false,
                  "stacks_text": false
                },
                {
                  "enabled": true,
                  "name": "Earth Filled",
                  "trigger": {
                    "source": {
                      "type": "Inherit"
                    },
                    "threshold": {
                      "threshold_type": "Always",
                      "amount_type": "Intensity"
                    }
                  },
                  "filter": {
                    "player": {
                      "combat": null,
                      "specs": [],
                      "weapons": [],
                      "traits": [],
                      "mounts": []
                    },
                    "map": {
                      "category": [],
                      "whitelist": true,
                      "ids": []
                    }
                  },
                  "icon": {
                    "File": "Elementalist Pistol Bullets\\WhiteBullet.png"
                  },
                  "tint": [
                    1.0,
                    0.9742351,
                    0.8647343,
                    1.0
                  ],
                  "zoom": 1.0,
                  "round": 0.0,
                  "border_size": 0.0,
                  "border_color": [
                    0.0,
                    0.0,
                    0.0,
                    1.0
                  ],
                  "conditions": [],
                  "duration_bar": false,
                  "duration_text": false,
                  "stacks_text": false
                }
              ]
            }
          ]
        }
      ]
    },
    {
      "enabled": false,
      "name": "Interface Large",
      "anchor": "Parent",
      "pos": [
        0.0,
        0.0
      ],
      "opacity": 1.0,
      "trigger": {
        "source": {
          "type": "Inherit"
        },
        "threshold": {
          "threshold_type": "Always",
          "amount_type": "Intensity"
        }
      },
      "filter": {
        "player": {
          "combat": null,
          "specs": [],
          "weapons": [],
          "traits": [],
          "mounts": []
        },
        "map": {
          "category": [],
          "whitelist": true,
          "ids": []
        }
      },
      "animation": null,
      "type": "Group",
      "members": [
        {
          "enabled": true,
          "name": "Bullets",
          "anchor": "Parent",
          "pos": [
            -269.0,
            -182.0
          ],
          "opacity": 1.0,
          "trigger": {
            "source": {
              "type": "Inherit"
            },
            "threshold": {
              "threshold_type": "Always",
              "amount_type": "Intensity"
            }
          },
          "filter": {
            "player": {
              "combat": null,
              "specs": [],
              "weapons": [],
              "traits": [],
              "mounts": []
            },
            "map": {
              "category": [],
              "whitelist": true,
              "ids": []
            }
          },
          "animation": null,
          "type": "Group",
          "members": [
            {
              "enabled": true,
              "name": "Ele Bullets Empty",
              "anchor": "Parent",
              "pos": [
                0.0,
                0.0
              ],
              "opacity": 1.0,
              "trigger": {
                "source": {
                  "type": "Ability",
                  "ids": [
                    71929,
                    72033,
                    71904,
                    71893
                  ]
                },
                "threshold": {
                  "threshold_type": "Present",
                  "amount_type": "Intensity"
                }
              },
              "filter": {
                "player": {
                  "combat": null,
                  "specs": [],
                  "weapons": [],
                  "traits": [],
                  "mounts": []
                },
                "map": {
                  "category": [],
                  "whitelist": true,
                  "ids": []
                }
              },
              "animation": null,
              "type": "IconList",
              "layout": "Dynamic",
              "direction": "Horizontal",
              "size": [
                46.199997,
                46.199997
              ],
              "pad": -7.6999993,
              "icons": [
                {
                  "enabled": true,
                  "name": "Fire Empty",
                  "trigger": {
                    "source": {
                      "type": "Inherit"
                    },
                    "threshold": {
                      "threshold_type": "Always",
                      "amount_type": "Intensity"
                    }
                  },
                  "filter": {
                    "player": {
                      "combat": null,
                      "specs": [],
                      "weapons": [],
                      "traits": [],
                      "mounts": []
                    },
                    "map": {
                      "category": [],
                      "whitelist": true,
                      "ids": []
                    }
                  },
                  "icon": {
                    "File": "Elementalist Pistol Bullets\\BulletEmpty.png"
                  },
                  "tint": [
                    1.0,
                    1.0,
                    1.0,
                    1.0
                  ],
                  "zoom": 1.0,
                  "round": 0.0,
                  "border_size": 0.0,
                  "border_color": [
                    0.0,
                    0.0,
                    0.0,
                    1.0
                  ],
                  "conditions": [],
                  "duration_bar": false,
                  "duration_text": false,
                  "stacks_text": false
                },
                {
                  "enabled": true,
                  "name": "Water Empty",
                  "trigger": {
                    "source": {
                      "type": "Inherit"
                    },
                    "threshold": {
                      "threshold_type": "Always",
                      "amount_type": "Intensity"
                    }
                  },
                  "filter": {
                    "player": {
                      "combat": null,
                      "specs": [],
                      "weapons": [],
                      "traits": [],
                      "mounts": []
                    },
                    "map": {
                      "category": [],
                      "whitelist": true,
                      "ids": []
                    }
                  },
                  "icon": {
                    "File": "Elementalist Pistol Bullets\\BulletEmpty.png"
                  },
                  "tint": [
                    1.0,
                    1.0,
                    1.0,
                    1.0
                  ],
                  "zoom": 1.0,
                  "round": 0.0,
                  "border_size": 0.0,
                  "border_color": [
                    0.0,
                    0.0,
                    0.0,
                    1.0
                  ],
                  "conditions": [],
                  "duration_bar": false,
                  "duration_text": false,
                  "stacks_text": false
                },
                {
                  "enabled": true,
                  "name": "Air Empty",
                  "trigger": {
                    "source": {
                      "type": "Inherit"
                    },
                    "threshold": {
                      "threshold_type": "Always",
                      "amount_type": "Intensity"
                    }
                  },
                  "filter": {
                    "player": {
                      "combat": null,
                      "specs": [],
                      "weapons": [],
                      "traits": [],
                      "mounts": []
                    },
                    "map": {
                      "category": [],
                      "whitelist": true,
                      "ids": []
                    }
                  },
                  "icon": {
                    "File": "Elementalist Pistol Bullets\\BulletEmpty.png"
                  },
                  "tint": [
                    1.0,
                    1.0,
                    1.0,
                    1.0
                  ],
                  "zoom": 1.0,
                  "round": 0.0,
                  "border_size": 0.0,
                  "border_color": [
                    0.0,
                    0.0,
                    0.0,
                    1.0
                  ],
                  "conditions": [],
                  "duration_bar": false,
                  "duration_text": false,
                  "stacks_text": false
                },
                {
                  "enabled": true,
                  "name": "Earth Empty",
                  "trigger": {
                    "source": {
                      "type": "Inherit"
                    },
                    "threshold": {
                      "threshold_type": "Always",
                      "amount_type": "Intensity"
                    }
                  },
                  "filter": {
                    "player": {
                      "combat": null,
                      "specs": [],
                      "weapons": [],
                      "traits": [],
                      "mounts": []
                    },
                    "map": {
                      "category": [],
                      "whitelist": true,
                      "ids": []
                    }
                  },
                  "icon": {
                    "File": "Elementalist Pistol Bullets\\BulletEmpty.png"
                  },
                  "tint": [
                    1.0,
                    1.0,
                    1.0,
                    1.0
                  ],
                  "zoom": 1.0,
                  "round": 0.0,
                  "border_size": 0.0,
                  "border_color": [
                    0.0,
                    0.0,
                    0.0,
                    1.0
                  ],
                  "conditions": [],
                  "duration_bar": false,
                  "duration_text": false,
                  "stacks_text": false
                }
              ]
            },
            {
              "enabled": true,
              "name": "Ele Bullets Filled",
              "anchor": "Parent",
              "pos": [
                0.0,
                0.0
              ],
              "opacity": 1.0,
              "trigger": {
                "source": {
                  "type": "Inherit"
                },
                "threshold": {
                  "threshold_type": "Always",
                  "amount_type": "Intensity"
                }
              },
              "filter": {
                "player": {
                  "combat": null,
                  "specs": [],
                  "weapons": [],
                  "traits": [],
                  "mounts": []
                },
                "map": {
                  "category": [],
                  "whitelist": true,
                  "ids": []
                }
              },
              "animation": null,
              "type": "IconList",
              "layout": "Static",
              "direction": "Horizontal",
              "size": [
                46.199997,
                46.199997
              ],
              "pad": -7.6999993,
              "icons": [
                {
                  "enabled": true,
                  "name": "Fire Filled",
                  "trigger": {
                    "source": {
                      "type": "Buff",
                      "combatant": "Player",
                      "ids": [
                        71936
                      ]
                    },
                    "threshold": {
                      "threshold_type": "Present",
                      "amount_type": "Intensity"
                    }
                  },
                  "filter": {
                    "player": {
                      "combat": null,
                      "specs": [],
                      "weapons": [
                        "PistolMain"
                      ],
                      "traits": [],
                      "mounts": []
                    },
                    "map": {
                      "category": [],
                      "whitelist": true,
                      "ids": []
                    }
                  },
                  "icon": {
                    "File": "Elementalist Pistol Bullets\\BulletFire.png"
                  },
                  "tint": [
                    1.0,
                    1.0,
                    1.0,
                    1.0
                  ],
                  "zoom": 1.0,
                  "round": 0.0,
                  "border_size": 0.0,
                  "border_color": [
                    0.0,
                    0.0,
                    0.0,
                    1.0
                  ],
                  "conditions": [],
                  "duration_bar": false,
                  "duration_text": false,
                  "stacks_text": false
                },
                {
                  "enabled": true,
                  "name": "Water Filled",
                  "trigger": {
                    "source": {
                      "type": "Buff",
                      "combatant": "Player",
                      "ids": [
                        71862
                      ]
                    },
                    "threshold": {
                      "threshold_type": "Present",
                      "amount_type": "Intensity"
                    }
                  },
                  "filter": {
                    "player": {
                      "combat": null,
                      "specs": [],
                      "weapons": [],
                      "traits": [],
                      "mounts": []
                    },
                    "map": {
                      "category": [],
                      "whitelist": true,
                      "ids": []
                    }
                  },
                  "icon": {
                    "File": "Elementalist Pistol Bullets\\BulletWater.png"
                  },
                  "tint": [
                    1.0,
                    1.0,
                    1.0,
                    1.0
                  ],
                  "zoom": 1.0,
                  "round": 0.0,
                  "border_size": 0.0,
                  "border_color": [
                    0.0,
                    0.0,
                    0.0,
                    1.0
                  ],
                  "conditions": [],
                  "duration_bar": false,
                  "duration_text": false,
                  "stacks_text": false
                },
                {
                  "enabled": true,
                  "name": "Air Filled",
                  "trigger": {
                    "source": {
                      "type": "Buff",
                      "combatant": "Player",
                      "ids": [
                        71848
                      ]
                    },
                    "threshold": {
                      "threshold_type": "Present",
                      "amount_type": "Intensity"
                    }
                  },
                  "filter": {
                    "player": {
                      "combat": null,
                      "specs": [],
                      "weapons": [],
                      "traits": [],
                      "mounts": []
                    },
                    "map": {
                      "category": [],
                      "whitelist": true,
                      "ids": []
                    }
                  },
                  "icon": {
                    "File": "Elementalist Pistol Bullets\\BulletAir.png"
                  },
                  "tint": [
                    1.0,
                    1.0,
                    1.0,
                    1.0
                  ],
                  "zoom": 1.0,
                  "round": 0.0,
                  "border_size": 0.0,
                  "border_color": [
                    0.0,
                    0.0,
                    0.0,
                    1.0
                  ],
                  "conditions": [],
                  "duration_bar": false,
                  "duration_text": false,
                  "stacks_text": false
                },
                {
                  "enabled": true,
                  "name": "Earth Filled",
                  "trigger": {
                    "source": {
                      "type": "Buff",
                      "combatant": "Player",
                      "ids": [
                        71881
                      ]
                    },
                    "threshold": {
                      "threshold_type": "Present",
                      "amount_type": "Intensity"
                    }
                  },
                  "filter": {
                    "player": {
                      "combat": null,
                      "specs": [],
                      "weapons": [],
                      "traits": [],
                      "mounts": []
                    },
                    "map": {
                      "category": [],
                      "whitelist": true,
                      "ids": []
                    }
                  },
                  "icon": {
                    "File": "Elementalist Pistol Bullets\\BulletEarth.png"
                  },
                  "tint": [
                    1.0,
                    1.0,
                    1.0,
                    1.0
                  ],
                  "zoom": 1.0,
                  "round": 0.0,
                  "border_size": 0.0,
                  "border_color": [
                    0.0,
                    0.0,
                    0.0,
                    1.0
                  ],
                  "conditions": [],
                  "duration_bar": false,
                  "duration_text": false,
                  "stacks_text": false
                }
              ]
            },
            {
              "enabled": true,
              "name": "Ele Bullets Full Charge",
              "anchor": "Parent",
              "pos": [
                0.0,
                0.0
              ],
              "opacity": 1.0,
              "trigger": {
                "source": {
                  "type": "Ability",
                  "ids": [
                    71907
                  ]
                },
                "threshold": {
                  "threshold_type": "Always",
                  "amount_type": "Intensity"
                }
              },
              "filter": {
                "player": {
                  "combat": null,
                  "specs": [],
                  "weapons": [],
                  "traits": [],
                  "mounts": []
                },
                "map": {
                  "category": [],
                  "whitelist": true,
                  "ids": []
                }
              },
              "animation": {
                "kind": "Pulse",
                "period": 1000
              },
              "type": "IconList",
              "layout": "Static",
              "direction": "Horizontal",
              "size": [
                46.199997,
                46.199997
              ],
              "pad": -7.6999993,
              "icons": [
                {
                  "enabled": true,
                  "name": "Fire Filled",
                  "trigger": {
                    "source": {
                      "type": "Inherit"
                    },
                    "threshold": {
                      "threshold_type": "Always",
                      "amount_type": "Intensity"
                    }
                  },
                  "filter": {
                    "player": {
                      "combat": null,
                      "specs": [],
                      "weapons": [
                        "PistolMain"
                      ],
                      "traits": [],
                      "mounts": []
                    },
                    "map": {
                      "category": [],
                      "whitelist": true,
                      "ids": []
                    }
                  },
                  "icon": {
                    "File": "Elementalist Pistol Bullets\\WhiteBullet.png"
                  },
                  "tint": [
                    1.0,
                    0.9529412,
                    0.8666667,
                    1.0
                  ],
                  "zoom": 1.0,
                  "round": 0.0,
                  "border_size": 0.0,
                  "border_color": [
                    0.0,
                    0.0,
                    0.0,
                    1.0
                  ],
                  "conditions": [],
                  "duration_bar": false,
                  "duration_text": false,
                  "stacks_text": false
                },
                {
                  "enabled": true,
                  "name": "Water Filled",
                  "trigger": {
                    "source": {
                      "type": "Inherit"
                    },
                    "threshold": {
                      "threshold_type": "Always",
                      "amount_type": "Intensity"
                    }
                  },
                  "filter": {
                    "player": {
                      "combat": null,
                      "specs": [],
                      "weapons": [],
                      "traits": [],
                      "mounts": []
                    },
                    "map": {
                      "category": [],
                      "whitelist": true,
                      "ids": []
                    }
                  },
                  "icon": {
                    "File": "Elementalist Pistol Bullets\\WhiteBullet.png"
                  },
                  "tint": [
                    0.8309179,
                    1.0,
                    0.9828468,
                    1.0
                  ],
                  "zoom": 1.0,
                  "round": 0.0,
                  "border_size": 0.0,
                  "border_color": [
                    0.0,
                    0.0,
                    0.0,
                    1.0
                  ],
                  "conditions": [],
                  "duration_bar": false,
                  "duration_text": false,
                  "stacks_text": false
                },
                {
                  "enabled": true,
                  "name": "Air Filled",
                  "trigger": {
                    "source": {
                      "type": "Inherit"
                    },
                    "threshold": {
                      "threshold_type": "Always",
                      "amount_type": "Intensity"
                    }
                  },
                  "filter": {
                    "player": {
                      "combat": null,
                      "specs": [],
                      "weapons": [],
                      "traits": [],
                      "mounts": []
                    },
                    "map": {
                      "category": [],
                      "whitelist": true,
                      "ids": []
                    }
                  },
                  "icon": {
                    "File": "Elementalist Pistol Bullets\\WhiteBullet.png"
                  },
                  "tint": [
                    0.93138695,
                    0.8647343,
                    1.0,
                    1.0
                  ],
                  "zoom": 1.0,
                  "round": 0.0,
                  "border_size": 0.0,
                  "border_color": [
                    0.0,
                    0.0,
                    0.0,
                    1.0
                  ],
                  "conditions": [],
                  "duration_bar": false,
                  "duration_text": false,
                  "stacks_text": false
                },
                {
                  "enabled": true,
                  "name": "Earth Filled",
                  "trigger": {
                    "source": {
                      "type": "Inherit"
                    },
                    "threshold": {
                      "threshold_type": "Always",
                      "amount_type": "Intensity"
                    }
                  },
                  "filter": {
                    "player": {
                      "combat": null,
                      "specs": [],
                      "weapons": [],
                      "traits": [],
                      "mounts": []
                    },
                    "map": {
                      "category": [],
                      "whitelist": true,
                      "ids": []
                    }
                  },
                  "icon": {
                    "File": "Elementalist Pistol Bullets\\WhiteBullet.png"
                  },
                  "tint": [
                    1.0,
                    0.9742351,
                    0.8647343,
                    1.0
                  ],
                  "zoom": 1.0,
                  "round": 0.0,
                  "border_size": 0.0,
                  "border_color": [
                    0.0,
                    0.0,
                    0.0,
                    1.0
                  ],
                  "conditions": [],
                  "duration_bar": false,
                  "duration_text": false,
                  "stacks_text": false
                }
              ]
            }
          ]
        }
      ]
    },
    {
      "enabled": true,
      "name": "Interface Normal",
      "anchor": "Parent",
      "pos": [
        0.0,
        0.0
      ],
      "opacity": 1.0,
      "trigger": {
        "source": {
          "type": "Inherit"
        },
        "threshold": {
          "threshold_type": "Always",
          "amount_type": "Intensity"
        }
      },
      "filter": {
        "player": {
          "combat": null,
          "specs": [],
          "weapons": [],
          "traits": [],
          "mounts": []
        },
        "map": {
          "category": [],
          "whitelist": true,
          "ids": []
        }
      },
      "animation": null,
      "type": "Group",
      "members": [
        {
          "enabled": true,
          "name": "Bullets",
          "anchor": "Parent",
          "pos": [
            -242.0,
            -163.0
          ],
          "opacity": 1.0,
          "trigger": {
            "source": {
              "type": "Inherit"
            },
            "threshold": {
              "threshold_type": "Always",
              "amount_type": "Intensity"
            }
          },
          "filter": {
            "player": {
              "combat": null,
              "specs": [],
              "weapons": [],
              "traits": [],
              "mounts": []
            },
            "map": {
              "category": [],
              "whitelist": true,
              "ids": []
            }
          },
          "animation": null,
          "type": "Group",
          "members": [
            {
              "enabled": true,
              "name": "Ele Bullets Empty",
              "anchor": "Parent",
              "pos": [
                0.0,
                0.0
              ],
              "opacity": 1.0,
              "trigger": {
                "source": {
                  "type": "Ability",
                  "ids": [
                    71929,
                    72033,
                    71904,
                    71893
                  ]
                },
                "threshold": {
                  "threshold_type": "Present",
                  "amount_type": "Intensity"
                }
              },
              "filter": {
                "player": {
                  "combat": null,
                  "specs": [],
                  "weapons": [],
                  "traits": [],
                  "mounts": []
                },
                "map": {
                  "category": [],
                  "whitelist": true,
                  "ids": []
                }
              },
              "animation": null,
              "type": "IconList",
              "layout": "Dynamic",
              "direction": "Horizontal",
              "size": [
                42.0,
                42.0
              ],
              "pad": -7.0,
              "icons": [
                {
                  "enabled": true,
                  "name": "Fire Empty",
                  "trigger": {
                    "source": {
                      "type": "Inherit"
                    },
                    "threshold": {
                      "threshold_type": "Always",
                      "amount_type": "Intensity"
                    }
                  },
                  "filter": {
                    "player": {
                      "combat": null,
                      "specs": [],
                      "weapons": [],
                      "traits": [],
                      "mounts": []
                    },
                    "map": {
                      "category": [],
                      "whitelist": true,
                      "ids": []
                    }
                  },
                  "icon": {
                    "File": "Elementalist Pistol Bullets\\BulletEmpty.png"
                  },
                  "tint": [
                    1.0,
                    1.0,
                    1.0,
                    1.0
                  ],
                  "zoom": 1.0,
                  "round": 0.0,
                  "border_size": 0.0,
                  "border_color": [
                    0.0,
                    0.0,
                    0.0,
                    1.0
                  ],
                  "conditions": [],
                  "duration_bar": false,
                  "duration_text": false,
                  "stacks_text": false
                },
                {
                  "enabled": true,
                  "name": "Water Empty",
                  "trigger": {
                    "source": {
                      "type": "Inherit"
                    },
                    "threshold": {
                      "threshold_type": "Always",
                      "amount_type": "Intensity"
                    }
                  },
                  "filter": {
                    "player": {
                      "combat": null,
                      "specs": [],
                      "weapons": [],
                      "traits": [],
                      "mounts": []
                    },
                    "map": {
                      "category": [],
                      "whitelist": true,
                      "ids": []
                    }
                  },
                  "icon": {
                    "File": "Elementalist Pistol Bullets\\BulletEmpty.png"
                  },
                  "tint": [
                    1.0,
                    1.0,
                    1.0,
                    1.0
                  ],
                  "zoom": 1.0,
                  "round": 0.0,
                  "border_size": 0.0,
                  "border_color": [
                    0.0,
                    0.0,
                    0.0,
                    1.0
                  ],
                  "conditions": [],
                  "duration_bar": false,
                  "duration_text": false,
                  "stacks_text": false
                },
                {
                  "enabled": true,
                  "name": "Air Empty",
                  "trigger": {
                    "source": {
                      "type": "Inherit"
                    },
                    "threshold": {
                      "threshold_type": "Always",
                      "amount_type": "Intensity"
                    }
                  },
                  "filter": {
                    "player": {
                      "combat": null,
                      "specs": [],
                      "weapons": [],
                      "traits": [],
                      "mounts": []
                    },
                    "map": {
                      "category": [],
                      "whitelist": true,
                      "ids": []
                    }
                  },
                  "icon": {
                    "File": "Elementalist Pistol Bullets\\BulletEmpty.png"
                  },
                  "tint": [
                    1.0,
                    1.0,
                    1.0,
                    1.0
                  ],
                  "zoom": 1.0,
                  "round": 0.0,
                  "border_size": 0.0,
                  "border_color": [
                    0.0,
                    0.0,
                    0.0,
                    1.0
                  ],
                  "conditions": [],
                  "duration_bar": false,
                  "duration_text": false,
                  "stacks_text": false
                },
                {
                  "enabled": true,
                  "name": "Earth Empty",
                  "trigger": {
                    "source": {
                      "type": "Inherit"
                    },
                    "threshold": {
                      "threshold_type": "Always",
                      "amount_type": "Intensity"
                    }
                  },
                  "filter": {
                    "player": {
                      "combat": null,
                      "specs": [],
                      "weapons": [],
                      "traits": [],
                      "mounts": []
                    },
                    "map": {
                      "category": [],
                      "whitelist": true,
                      "ids": []
                    }
                  },
                  "icon": {
                    "File": "Elementalist Pistol Bullets\\BulletEmpty.png"
                  },
                  "tint": [
                    1.0,
                    1.0,
                    1.0,
                    1.0
                  ],
                  "zoom": 1.0,
                  "round": 0.0,
                  "border_size": 0.0,
                  "border_color": [
                    0.0,
                    0.0,
                    0.0,
                    1.0
                  ],
                  "conditions": [],
                  "duration_bar": false,
                  "duration_text": false,
                  "stacks_text": false
                }
              ]
            },
            {
              "enabled": true,
              "name": "Ele Bullets Filled",
              "anchor": "Parent",
              "pos": [
                0.0,
                0.0
              ],
              "opacity": 1.0,
              "trigger": {
                "source": {
                  "type": "Inherit"
                },
                "threshold": {
                  "threshold_type": "Always",
                  "amount_type": "Intensity"
                }
              },
              "filter": {
                "player": {
                  "combat": null,
                  "specs": [],
                  "weapons": [],
                  "traits": [],
                  "mounts": []
                },
                "map": {
                  "category": [],
                  "whitelist": true,
                  "ids": []
                }
              },
              "animation": null,
              "type": "IconList",
              "layout": "Static",
              "direction": "Horizontal",
              "size": [
                42.0,
                42.0
              ],
              "pad": -7.0,
              "icons": [
                {
                  "enabled": true,
                  "name": "Fire Filled",
                  "trigger": {
                    "source": {
                      "type": "Buff",
                      "combatant": "Player",
                      "ids": [
                        71936
                      ]
                    },
                    "threshold": {
                      "threshold_type": "Present",
                      "amount_type": "Intensity"
                    }
                  },
                  "filter": {
                    "player": {
                      "combat": null,
                      "specs": [],
                      "weapons": [
                        "PistolMain"
                      ],
                      "traits": [],
                      "mounts": []
                    },
                    "map": {
                      "category": [],
                      "whitelist": true,
                      "ids": []
                    }
                  },
                  "icon": {
                    "File": "Elementalist Pistol Bullets\\BulletFire.png"
                  },
                  "tint": [
                    1.0,
                    1.0,
                    1.0,
                    1.0
                  ],
                  "zoom": 1.0,
                  "round": 0.0,
                  "border_size": 0.0,
                  "border_color": [
                    0.0,
                    0.0,
                    0.0,
                    1.0
                  ],
                  "conditions": [],
                  "duration_bar": false,
                  "duration_text": false,
                  "stacks_text": false
                },
                {
                  "enabled": true,
                  "name": "Water Filled",
                  "trigger": {
                    "source": {
                      "type": "Buff",
                      "combatant": "Player",
                      "ids": [
                        71862
                      ]
                    },
                    "threshold": {
                      "threshold_type": "Present",
                      "amount_type": "Intensity"
                    }
                  },
                  "filter": {
                    "player": {
                      "combat": null,
                      "specs": [],
                      "weapons": [],
                      "traits": [],
                      "mounts": []
                    },
                    "map": {
                      "category": [],
                      "whitelist": true,
                      "ids": []
                    }
                  },
                  "icon": {
                    "File": "Elementalist Pistol Bullets\\BulletWater.png"
                  },
                  "tint": [
                    1.0,
                    1.0,
                    1.0,
                    1.0
                  ],
                  "zoom": 1.0,
                  "round": 0.0,
                  "border_size": 0.0,
                  "border_color": [
                    0.0,
                    0.0,
                    0.0,
                    1.0
                  ],
                  "conditions": [],
                  "duration_bar": false,
                  "duration_text": false,
                  "stacks_text": false
                },
                {
                  "enabled": true,
                  "name": "Air Filled",
                  "trigger": {
                    "source": {
                      "type": "Buff",
                      "combatant": "Player",
                      "ids": [
                        71848
                      ]
                    },
                    "threshold": {
                      "threshold_type": "Present",
                      "amount_type": "Intensity"
                    }
                  },
                  "filter": {
                    "player": {
                      "combat": null,
                      "specs": [],
                      "weapons": [],
                      "traits": [],
                      "mounts": []
                    },
                    "map": {
                      "category": [],
                      "whitelist": true,
                      "ids": []
                    }
                  },
                  "icon": {
                    "File": "Elementalist Pistol Bullets\\BulletAir.png"
                  },
                  "tint": [
                    1.0,
                    1.0,
                    1.0,
                    1.0
                  ],
                  "zoom": 1.0,
                  "round": 0.0,
                  "border_size": 0.0,
                  "border_color": [
                    0.0,
                    0.0,
                    0.0,
                    1.0
                  ],
                  "conditions": [],
                  "duration_bar": false,
                  "duration_text": false,
                  "stacks_text": false
                },
                {
                  "enabled": true,
                  "name": "Earth Filled",
                  "trigger": {
                    "source": {
                      "type": "Buff",
                      "combatant": "Player",
                      "ids": [
                        71881
                      ]
                    },
                    "threshold": {
                      "threshold_type": "Present",
                      "amount_type": "Intensity"
                    }
                  },
                  "filter": {
                    "player": {
                      "combat": null,
                      "specs": [],
                      "weapons": [],
                      "traits": [],
                      "mounts": []
                    },
                    "map": {
                      "category": [],
                      "whitelist": true,
                      "ids": []
                    }
                  },
                  "icon": {
                    "File": "Elementalist Pistol Bullets\\BulletEarth.png"
                  },
                  "tint": [
                    1.0,
                    1.0,
                    1.0,
                    1.0
                  ],
                  "zoom": 1.0,
                  "round": 0.0,
                  "border_size": 0.0,
                  "border_color": [
                    0.0,
                    0.0,
                    0.0,
                    1.0
                  ],
                  "conditions": [],
                  "duration_bar": false,
                  "duration_text": false,
                  "stacks_text": false
                }
              ]
            },
            {
              "enabled": true,
              "name": "Ele Bullets Full Charge",
              "anchor": "Parent",
              "pos": [
                0.0,
                0.0
              ],
              "opacity": 1.0,
              "trigger": {
                "source": {
                  "type": "Ability",
                  "ids": [
                    71907
                  ]
                },
                "threshold": {
                  "threshold_type": "Always",
                  "amount_type": "Intensity"
                }
              },
              "filter": {
                "player": {
                  "combat": null,
                  "specs": [],
                  "weapons": [],
                  "traits": [],
                  "mounts": []
                },
                "map": {
                  "category": [],
                  "whitelist": true,
                  "ids": []
                }
              },
              "animation": {
                "kind": "Pulse",
                "period": 1000
              },
              "type": "IconList",
              "layout": "Static",
              "direction": "Horizontal",
              "size": [
                42.0,
                42.0
              ],
              "pad": -7.0,
              "icons": [
                {
                  "enabled": true,
                  "name": "Fire Filled",
                  "trigger": {
                    "source": {
                      "type": "Inherit"
                    },
                    "threshold": {
                      "threshold_type": "Always",
                      "amount_type": "Intensity"
                    }
                  },
                  "filter": {
                    "player": {
                      "combat": null,
                      "specs": [],
                      "weapons": [
                        "PistolMain"
                      ],
                      "traits": [],
                      "mounts": []
                    },
                    "map": {
                      "category": [],
                      "whitelist": true,
                      "ids": []
                    }
                  },
                  "icon": {
                    "File": "Elementalist Pistol Bullets\\WhiteBullet.png"
                  },
                  "tint": [
                    1.0,
                    0.9509907,
                    0.8647343,
                    1.0
                  ],
                  "zoom": 1.0,
                  "round": 0.0,
                  "border_size": 0.0,
                  "border_color": [
                    0.0,
                    0.0,
                    0.0,
                    1.0
                  ],
                  "conditions": [],
                  "duration_bar": false,
                  "duration_text": false,
                  "stacks_text": false
                },
                {
                  "enabled": true,
                  "name": "Water Filled",
                  "trigger": {
                    "source": {
                      "type": "Inherit"
                    },
                    "threshold": {
                      "threshold_type": "Always",
                      "amount_type": "Intensity"
                    }
                  },
                  "filter": {
                    "player": {
                      "combat": null,
                      "specs": [],
                      "weapons": [],
                      "traits": [],
                      "mounts": []
                    },
                    "map": {
                      "category": [],
                      "whitelist": true,
                      "ids": []
                    }
                  },
                  "icon": {
                    "File": "Elementalist Pistol Bullets\\WhiteBullet.png"
                  },
                  "tint": [
                    0.8309179,
                    1.0,
                    0.9828468,
                    1.0
                  ],
                  "zoom": 1.0,
                  "round": 0.0,
                  "border_size": 0.0,
                  "border_color": [
                    0.0,
                    0.0,
                    0.0,
                    1.0
                  ],
                  "conditions": [],
                  "duration_bar": false,
                  "duration_text": false,
                  "stacks_text": false
                },
                {
                  "enabled": true,
                  "name": "Air Filled",
                  "trigger": {
                    "source": {
                      "type": "Inherit"
                    },
                    "threshold": {
                      "threshold_type": "Always",
                      "amount_type": "Intensity"
                    }
                  },
                  "filter": {
                    "player": {
                      "combat": null,
                      "specs": [],
                      "weapons": [],
                      "traits": [],
                      "mounts": []
                    },
                    "map": {
                      "category": [],
                      "whitelist": true,
                      "ids": []
                    }
                  },
                  "icon": {
                    "File": "Elementalist Pistol Bullets\\WhiteBullet.png"
                  },
                  "tint": [
                    0.93138695,
                    0.8647343,
                    1.0,
                    1.0
                  ],
                  "zoom": 1.0,
                  "round": 0.0,
                  "border_size": 0.0,
                  "border_color": [
                    0.0,
                    0.0,
                    0.0,
                    1.0
                  ],
                  "conditions": [],
                  "duration_bar": false,
                  "duration_text": false,
                  "stacks_text": false
                },
                {
                  "enabled": true,
                  "name": "Earth Filled",
                  "trigger": {
                    "source": {
                      "type": "Inherit"
                    },
                    "threshold": {
                      "threshold_type": "Always",
                      "amount_type": "Intensity"
                    }
                  },
                  "filter": {
                    "player": {
                      "combat": null,
                      "specs": [],
                      "weapons": [],
                      "traits": [],
                      "mounts": []
                    },
                    "map": {
                      "category": [],
                      "whitelist": true,
                      "ids": []
                    }
                  },
                  "icon": {
                    "File": "Elementalist Pistol Bullets\\WhiteBullet.png"
                  },
                  "tint": [
                    1.0,
                    0.9742351,
                    0.8647343,
                    1.0
                  ],
                  "zoom": 1.0,
                  "round": 0.0,
                  "border_size": 0.0,
                  "border_color": [
                    0.0,
                    0.0,
                    0.0,
                    1.0
                  ],
                  "conditions": [],
                  "duration_bar": false,
                  "duration_text": false,
                  "stacks_text": false
                }
              ]
            }
          ]
        }
      ]
    },
    {
      "enabled": false,
      "name": "Interface Small",
      "anchor": "Parent",
      "pos": [
        0.0,
        0.0
      ],
      "opacity": 1.0,
      "trigger": {
        "source": {
          "type": "Inherit"
        },
        "threshold": {
          "threshold_type": "Always",
          "amount_type": "Intensity"
        }
      },
      "filter": {
        "player": {
          "combat": null,
          "specs": [],
          "weapons": [],
          "traits": [],
          "mounts": []
        },
        "map": {
          "category": [],
          "whitelist": true,
          "ids": []
        }
      },
      "animation": null,
      "type": "Group",
      "members": [
        {
          "enabled": true,
          "name": "Bullets",
          "anchor": "Parent",
          "pos": [
            -217.79999,
            -146.7
          ],
          "opacity": 1.0,
          "trigger": {
            "source": {
              "type": "Inherit"
            },
            "threshold": {
              "threshold_type": "Always",
              "amount_type": "Intensity"
            }
          },
          "filter": {
            "player": {
              "combat": null,
              "specs": [],
              "weapons": [],
              "traits": [],
              "mounts": []
            },
            "map": {
              "category": [],
              "whitelist": true,
              "ids": []
            }
          },
          "animation": null,
          "type": "Group",
          "members": [
            {
              "enabled": true,
              "name": "Ele Bullets Empty",
              "anchor": "Parent",
              "pos": [
                0.0,
                0.0
              ],
              "opacity": 1.0,
              "trigger": {
                "source": {
                  "type": "Ability",
                  "ids": [
                    71929,
                    72033,
                    71904,
                    71893
                  ]
                },
                "threshold": {
                  "threshold_type": "Present",
                  "amount_type": "Intensity"
                }
              },
              "filter": {
                "player": {
                  "combat": null,
                  "specs": [],
                  "weapons": [],
                  "traits": [],
                  "mounts": []
                },
                "map": {
                  "category": [],
                  "whitelist": true,
                  "ids": []
                }
              },
              "animation": null,
              "type": "IconList",
              "layout": "Dynamic",
              "direction": "Horizontal",
              "size": [
                37.8,
                37.8
              ],
              "pad": -6.2999997,
              "icons": [
                {
                  "enabled": true,
                  "name": "Fire Empty",
                  "trigger": {
                    "source": {
                      "type": "Inherit"
                    },
                    "threshold": {
                      "threshold_type": "Always",
                      "amount_type": "Intensity"
                    }
                  },
                  "filter": {
                    "player": {
                      "combat": null,
                      "specs": [],
                      "weapons": [],
                      "traits": [],
                      "mounts": []
                    },
                    "map": {
                      "category": [],
                      "whitelist": true,
                      "ids": []
                    }
                  },
                  "icon": {
                    "File": "Elementalist Pistol Bullets\\BulletEmpty.png"
                  },
                  "tint": [
                    1.0,
                    1.0,
                    1.0,
                    1.0
                  ],
                  "zoom": 1.0,
                  "round": 0.0,
                  "border_size": 0.0,
                  "border_color": [
                    0.0,
                    0.0,
                    0.0,
                    1.0
                  ],
                  "conditions": [],
                  "duration_bar": false,
                  "duration_text": false,
                  "stacks_text": false
                },
                {
                  "enabled": true,
                  "name": "Water Empty",
                  "trigger": {
                    "source": {
                      "type": "Inherit"
                    },
                    "threshold": {
                      "threshold_type": "Always",
                      "amount_type": "Intensity"
                    }
                  },
                  "filter": {
                    "player": {
                      "combat": null,
                      "specs": [],
                      "weapons": [],
                      "traits": [],
                      "mounts": []
                    },
                    "map": {
                      "category": [],
                      "whitelist": true,
                      "ids": []
                    }
                  },
                  "icon": {
                    "File": "Elementalist Pistol Bullets\\BulletEmpty.png"
                  },
                  "tint": [
                    1.0,
                    1.0,
                    1.0,
                    1.0
                  ],
                  "zoom": 1.0,
                  "round": 0.0,
                  "border_size": 0.0,
                  "border_color": [
                    0.0,
                    0.0,
                    0.0,
                    1.0
                  ],
                  "conditions": [],
                  "duration_bar": false,
                  "duration_text": false,
                  "stacks_text": false
                },
                {
                  "enabled": true,
                  "name": "Air Empty",
                  "trigger": {
                    "source": {
                      "type": "Inherit"
                    },
                    "threshold": {
                      "threshold_type": "Always",
                      "amount_type": "Intensity"
                    }
                  },
                  "filter": {
                    "player": {
                      "combat": null,
                      "specs": [],
                      "weapons": [],
                      "traits": [],
                      "mounts": []
                    },
                    "map": {
                      "category": [],
                      "whitelist": true,
                      "ids": []
                    }
                  },
                  "icon": {
                    "File": "Elementalist Pistol Bullets\\BulletEmpty.png"
                  },
                  "tint": [
                    1.0,
                    1.0,
                    1.0,
                    1.0
                  ],
                  "zoom": 1.0,
                  "round": 0.0,
                  "border_size": 0.0,
                  "border_color": [
                    0.0,
                    0.0,
                    0.0,
                    1.0
                  ],
                  "conditions": [],
                  "duration_bar": false,
                  "duration_text": false,
                  "stacks_text": false
                },
                {
                  "enabled": true,
                  "name": "Earth Empty",
                  "trigger": {
                    "source": {
                      "type": "Inherit"
                    },
                    "threshold": {
                      "threshold_type": "Always",
                      "amount_type": "Intensity"
                    }
                  },
                  "filter": {
                    "player": {
                      "combat": null,
                      "specs": [],
                      "weapons": [],
                      "traits": [],
                      "mounts": []
                    },
                    "map": {
                      "category": [],
                      "whitelist": true,
                      "ids": []
                    }
                  },
                  "icon": {
                    "File": "Elementalist Pistol Bullets\\BulletEmpty.png"
                  },
                  "tint": [
                    1.0,
                    1.0,
                    1.0,
                    1.0
                  ],
                  "zoom": 1.0,
                  "round": 0.0,
                  "border_size": 0.0,
                  "border_color": [
                    0.0,
                    0.0,
                    0.0,
                    1.0
                  ],
                  "conditions": [],
                  "duration_bar": false,
                  "duration_text": false,
                  "stacks_text": false
                }
              ]
            },
            {
              "enabled": true,
              "name": "Ele Bullets Filled",
              "anchor": "Parent",
              "pos": [
                0.0,
                0.0
              ],
              "opacity": 1.0,
              "trigger": {
                "source": {
                  "type": "Inherit"
                },
                "threshold": {
                  "threshold_type": "Always",
                  "amount_type": "Intensity"
                }
              },
              "filter": {
                "player": {
                  "combat": null,
                  "specs": [],
                  "weapons": [],
                  "traits": [],
                  "mounts": []
                },
                "map": {
                  "category": [],
                  "whitelist": true,
                  "ids": []
                }
              },
              "animation": null,
              "type": "IconList",
              "layout": "Static",
              "direction": "Horizontal",
              "size": [
                37.8,
                37.8
              ],
              "pad": -6.2999997,
              "icons": [
                {
                  "enabled": true,
                  "name": "Fire Filled",
                  "trigger": {
                    "source": {
                      "type": "Buff",
                      "combatant": "Player",
                      "ids": [
                        71936
                      ]
                    },
                    "threshold": {
                      "threshold_type": "Present",
                      "amount_type": "Intensity"
                    }
                  },
                  "filter": {
                    "player": {
                      "combat": null,
                      "specs": [],
                      "weapons": [
                        "PistolMain"
                      ],
                      "traits": [],
                      "mounts": []
                    },
                    "map": {
                      "category": [],
                      "whitelist": true,
                      "ids": []
                    }
                  },
                  "icon": {
                    "File": "Elementalist Pistol Bullets\\BulletFire.png"
                  },
                  "tint": [
                    1.0,
                    1.0,
                    1.0,
                    1.0
                  ],
                  "zoom": 1.0,
                  "round": 0.0,
                  "border_size": 0.0,
                  "border_color": [
                    0.0,
                    0.0,
                    0.0,
                    1.0
                  ],
                  "conditions": [],
                  "duration_bar": false,
                  "duration_text": false,
                  "stacks_text": false
                },
                {
                  "enabled": true,
                  "name": "Water Filled",
                  "trigger": {
                    "source": {
                      "type": "Buff",
                      "combatant": "Player",
                      "ids": [
                        71862
                      ]
                    },
                    "threshold": {
                      "threshold_type": "Present",
                      "amount_type": "Intensity"
                    }
                  },
                  "filter": {
                    "player": {
                      "combat": null,
                      "specs": [],
                      "weapons": [],
                      "traits": [],
                      "mounts": []
                    },
                    "map": {
                      "category": [],
                      "whitelist": true,
                      "ids": []
                    }
                  },
                  "icon": {
                    "File": "Elementalist Pistol Bullets\\BulletWater.png"
                  },
                  "tint": [
                    1.0,
                    1.0,
                    1.0,
                    1.0
                  ],
                  "zoom": 1.0,
                  "round": 0.0,
                  "border_size": 0.0,
                  "border_color": [
                    0.0,
                    0.0,
                    0.0,
                    1.0
                  ],
                  "conditions": [],
                  "duration_bar": false,
                  "duration_text": false,
                  "stacks_text": false
                },
                {
                  "enabled": true,
                  "name": "Air Filled",
                  "trigger": {
                    "source": {
                      "type": "Buff",
                      "combatant": "Player",
                      "ids": [
                        71848
                      ]
                    },
                    "threshold": {
                      "threshold_type": "Present",
                      "amount_type": "Intensity"
                    }
                  },
                  "filter": {
                    "player": {
                      "combat": null,
                      "specs": [],
                      "weapons": [],
                      "traits": [],
                      "mounts": []
                    },
                    "map": {
                      "category": [],
                      "whitelist": true,
                      "ids": []
                    }
                  },
                  "icon": {
                    "File": "Elementalist Pistol Bullets\\BulletAir.png"
                  },
                  "tint": [
                    1.0,
                    1.0,
                    1.0,
                    1.0
                  ],
                  "zoom": 1.0,
                  "round": 0.0,
                  "border_size": 0.0,
                  "border_color": [
                    0.0,
                    0.0,
                    0.0,
                    1.0
                  ],
                  "conditions": [],
                  "duration_bar": false,
                  "duration_text": false,
                  "stacks_text": false
                },
                {
                  "enabled": true,
                  "name": "Earth Filled",
                  "trigger": {
                    "source": {
                      "type": "Buff",
                      "combatant": "Player",
                      "ids": [
                        71881
                      ]
                    },
                    "threshold": {
                      "threshold_type": "Present",
                      "amount_type": "Intensity"
                    }
                  },
                  "filter": {
                    "player": {
                      "combat": null,
                      "specs": [],
                      "weapons": [],
                      "traits": [],
                      "mounts": []
                    },
                    "map": {
                      "category": [],
                      "whitelist": true,
                      "ids": []
                    }
                  },
                  "icon": {
                    "File": "Elementalist Pistol Bullets\\BulletEarth.png"
                  },
                  "tint": [
                    1.0,
                    1.0,
                    1.0,
                    1.0
                  ],
                  "zoom": 1.0,
                  "round": 0.0,
                  "border_size": 0.0,
                  "border_color": [
                    0.0,
                    0.0,
                    0.0,
                    1.0
                  ],
                  "conditions": [],
                  "duration_bar": false,
                  "duration_text": false,
                  "stacks_text": false
                }
              ]
            },
            {
              "enabled": true,
              "name": "Ele Bullets Full Charge",
              "anchor": "Parent",
              "pos": [
                0.0,
                0.0
              ],
              "opacity": 1.0,
              "trigger": {
                "source": {
                  "type": "Ability",
                  "ids": [
                    71907
                  ]
                },
                "threshold": {
                  "threshold_type": "Always",
                  "amount_type": "Intensity"
                }
              },
              "filter": {
                "player": {
                  "combat": null,
                  "specs": [],
                  "weapons": [],
                  "traits": [],
                  "mounts": []
                },
                "map": {
                  "category": [],
                  "whitelist": true,
                  "ids": []
                }
              },
              "animation": {
                "kind": "Pulse",
                "period": 1000
              },
              "type": "IconList",
              "layout": "Static",
              "direction": "Horizontal",
              "size": [
                37.8,
                37.8
              ],
              "pad": -6.2999997,
              "icons": [
                {
                  "enabled": true,
                  "name": "Fire Filled",
                  "trigger": {
                    "source": {
                      "type": "Inherit"
                    },
                    "threshold": {
                      "threshold_type": "Always",
                      "amount_type": "Intensity"
                    }
                  },
                  "filter": {
                    "player": {
                      "combat": null,
                      "specs": [],
                      "weapons": [
                        "PistolMain"
                      ],
                      "traits": [],
                      "mounts": []
                    },
                    "map": {
                      "category": [],
                      "whitelist": true,
                      "ids": []
                    }
                  },
                  "icon": {
                    "File": "Elementalist Pistol Bullets\\WhiteBullet.png"
                  },
                  "tint": [
                    1.0,
                    0.9529412,
                    0.8666667,
                    1.0
                  ],
                  "zoom": 1.0,
                  "round": 0.0,
                  "border_size": 0.0,
                  "border_color": [
                    0.0,
                    0.0,
                    0.0,
                    1.0
                  ],
                  "conditions": [],
                  "duration_bar": false,
                  "duration_text": false,
                  "stacks_text": false
                },
                {
                  "enabled": true,
                  "name": "Water Filled",
                  "trigger": {
                    "source": {
                      "type": "Inherit"
                    },
                    "threshold": {
                      "threshold_type": "Always",
                      "amount_type": "Intensity"
                    }
                  },
                  "filter": {
                    "player": {
                      "combat": null,
                      "specs": [],
                      "weapons": [],
                      "traits": [],
                      "mounts": []
                    },
                    "map": {
                      "category": [],
                      "whitelist": true,
                      "ids": []
                    }
                  },
                  "icon": {
                    "File": "Elementalist Pistol Bullets\\WhiteBullet.png"
                  },
                  "tint": [
                    0.8309179,
                    1.0,
                    0.9828468,
                    1.0
                  ],
                  "zoom": 1.0,
                  "round": 0.0,
                  "border_size": 0.0,
                  "border_color": [
                    0.0,
                    0.0,
                    0.0,
                    1.0
                  ],
                  "conditions": [],
                  "duration_bar": false,
                  "duration_text": false,
                  "stacks_text": false
                },
                {
                  "enabled": true,
                  "name": "Air Filled",
                  "trigger": {
                    "source": {
                      "type": "Inherit"
                    },
                    "threshold": {
                      "threshold_type": "Always",
                      "amount_type": "Intensity"
                    }
                  },
                  "filter": {
                    "player": {
                      "combat": null,
                      "specs": [],
                      "weapons": [],
                      "traits": [],
                      "mounts": []
                    },
                    "map": {
                      "category": [],
                      "whitelist": true,
                      "ids": []
                    }
                  },
                  "icon": {
                    "File": "Elementalist Pistol Bullets\\WhiteBullet.png"
                  },
                  "tint": [
                    0.93138695,
                    0.8647343,
                    1.0,
                    1.0
                  ],
                  "zoom": 1.0,
                  "round": 0.0,
                  "border_size": 0.0,
                  "border_color": [
                    0.0,
                    0.0,
                    0.0,
                    1.0
                  ],
                  "conditions": [],
                  "duration_bar": false,
                  "duration_text": false,
                  "stacks_text": false
                },
                {
                  "enabled": true,
                  "name": "Earth Filled",
                  "trigger": {
                    "source": {
                      "type": "Inherit"
                    },
                    "threshold": {
                      "threshold_type": "Always",
                      "amount_type": "Intensity"
                    }
                  },
                  "filter": {
                    "player": {
                      "combat": null,
                      "specs": [],
                      "weapons": [],
                      "traits": [],
                      "mounts": []
                    },
                    "map": {
                      "category": [],
                      "whitelist": true,
                      "ids": []
                    }
                  },
                  "icon": {
                    "File": "Elementalist Pistol Bullets\\WhiteBullet.png"
                  },
                  "tint": [
                    1.0,
                    0.9742351,
                    0.8647343,
                    1.0
                  ],
                  "zoom": 1.0,
                  "round": 0.0,
                  "border_size": 0.0,
                  "border_color": [
                    0.0,
                    0.0,
                    0.0,
                    1.0
                  ],
                  "conditions": [],
                  "duration_bar": false,
                  "duration_text": false,
                  "stacks_text": false
                }
              ]
            }
          ]
        }
      ]
    }
  ]
}